name,hlat,hlon,blat,blon
Jack,39.1607183885207, -86.49549988740337,-7.225337710790154, -60.08844027673429

Sarah, 39.17268960349786, -86.52326466929847,  54.48466093791862, -125.91343757500766
